location
China.Shanghai
"Pangyo, Korea"
Tel Aviv
WH
"Live Oak, FL"
"San Jose, CA, US"
anhui. hefei
Wisconsin
"Nagpur, Maharashtra, India"
"Köln, Germany"
LA
"Rome, Italy"
suzhou
中国.上海
Talegaon D Pune MH
"Goa , INDIA"
Jaipur
"The College of {Liberal Arts, Natural Sciences} The University of Texas at Austin 116 Inner Campus Dr Stop G6000 Austin, TX 78712"
"Khuvsgul, Mongolia"
"Bielefeld, Germany"
"Guiyang Bank Headquarter, Changling N. Rd., Guanshanhu District, Guiyang, Guizhou Province, 550008, China "
University of Oregon
Barcelona
"Chicago, IL"
Munich
Sheffield
Frankfurt am Main
"Zhuhai, China"
Canary Wharf (London)
"Univ. of Tsukuba, Japan"
the Netherlands
Home
"Waterloo, Canada"
"Almaty, Kazakhstan"
web
Earth
Moscow
Shanghai PRC
Chile
"Kolkata,India"
"Murcia, Spain"
"Bologna, Italy"
"Fort Myers, FL"
"Hefei, China"
Tucson
"Zürich, Switzerland"
"Bei Jing, China"
Islamabad
"Hyattsville, MD"
Bengaluru India
"Tbilisi, Georgia / Earth"
"New York , New York"
"Milton Keynes, UK"
Shanghai. China
Lisbon
"shanghai, China"
Dalkeith
"Amsterdam, The Netherlands"
"Cambridge, MA, US"
"Palo Alto, CA, USA"
ベトナム
PA
"Bay Area, CA"
"Shang hai, China"
"Warsaw, Poland"
"Dresden, Germany"
Philadelphia
"Dallas, Texas"
Edinburgh
"Leitza, Nafarroa, Euskal Herria"
"San Jose, CA"
Istanbul/Turkiye
Depends
"Chennai, Tamil Nadu"
"Chatham, ON Canada"
Guang zhou
"Changchun,China"
"Nuremberg, Germany"
East lansing
Delhi
"Raleigh, NC, US"
Bangalore <-> Guwahati
"Montréal, Québec "
"Dallas, TX, USA"
bangalore
"Sophia-Antipolis, Valbonne"
Earth-0
"hyderabad, india"
"São Paulo, SP, Brazil"
"Sendai, Japan "
"Paris, France"
Ahmedabad
Coimbatore
Germany
Guangzhou
"Nanjing,China"
Peking
"Belfort, France"
Israel
"Antarctic, South Pole"
"Antwerp, Belgium"
"Charlottesville, VA"
"Tromsø, Norway"
london
Ulsan
"Ottawa, ON"
"Hangzhou, CHINA"
 Shenzhen
San Francisco Bay Area
"Beijing, China "
University of Science and Technology of China
South KR
Poznan
"Seoul, South Korea"
Shenyang
"Austin, Texas, USA"
Palaiseau
"India, Mumbai"
Braunschweig
"Seoul, Republic of Korea"
~
🇮🇳
"~Miami, FL"
"Bucaramanga, Santander"
sf
"Mérida, Yucatán"
"Ithaca, NY"
"Panjim, Goa, India"
"Dallas, United States"
Tianjin China
"Ontario, Canada"
Penang
"Mountain View, CA 94043"
"Illinois, USA"
"Hsinchu, Taiwan"
kerala
Vibo Valentia
"Sorocaba, Brazil"
Nigeria
"Bloomington, Indiana"
"Maringá, Paraná, Brazil."
Berlin
" HaNoi, Vietnam"
Cincinnati
nvidia-smi
"Santa Clara, California"
Menlo Park
"Mumbai, Maharashtra"
Gurgaon
Eindhoven
Ganzhou JiangXi
"Gurgaon, India"
"Oeiras, Portugal"
"Kanpur, India"
Bay Area
"Utrecht, NL"
Pune
Zurich 
"Washington, United States"
"Bellevue, WA"
Wuxi， China
"CA, USA"
 Beijing China
"Järfälla, Sweden"
"State College, PA"
DELHI
"Toronto, ON"
Ho Chi Minh city
Waterloo
JAPAN
Glasgow
Yay Area
Brasil
Bratislava
"Incheon, South Korea"
"Casablanca, Morocco"
"Tokyo, Japan"
Bonn
"Seattle, WA, the United States"
"Kolkata, India"
"Montreal, Canada"
Bangladesh
German
"Champaign, Illinois"
Helsinki
"Europe, Italy"
"Mumbai, India"
Zimbabwe
Washington
中国
"Frankfurt am Main, Germany"
Suginami Tokyo
"Hillsboro, Oregon"
UCF
Russia
Palermo
"Chendu, Sichuan"
"Bunkyo, Tokyo, Japan"
Heidelberg
munich
Costa Rica
Carnegie Mellon University
"Stony Brook, NY"
San Francisco <> Israel
(future - past).src
Seattle WA
"Rochester, New York, USA"
"Abuja, Nigeria"
Republic of Korea
"Hangzhou, Zhejiang"
xinjiang urumqi
"Tuscaloosa, AL"
"New Hampshire, USA"
Geneva
""
Florida
melbourne
"Columbia, MD"
東
"Basundhara, Dhaka, Bangladesh"
" Washington, DC Metro "
"West Hartford, CT"
"Rochester, New York"
Latent feature space
USA
"Istanbul, Turkey"
"shenzhen,china"
"Chittagong , Bangladesh "
"Ho Chi Minh city, Vietnam"
"Minneapolis, MN"
"Rybacka 7/I floor, 53-656 Wrocław"
"Ponta Porã MS, Brazil"
Singapore/Pittsburgh
CHINA HUBEI WUHAN 
"Chengdu,Sichuan,China"
"Harbin, China"
Baton Rouge
Paris - FR
Mountain View/LA
Penang / Selangor
HSR
"Hangzhou, China"
"Gig Harbor, WA"
Kanpur
Greater New York
Poznań
Beijing
Cambridge
Alicante (Spain)
United-Kingdom
"Philadelphia, PA"
Mykolaiv
São Carlos
"Reykjavík, Iceland"
"Seattle, Washington , USA"
"Salzburg, Austria"
GH
Guangdong Shenzhen
"Jersey City, NJ"
Bucharest
"Turkey,Istanbul"
Haidian-Beijing
"RUSSIA, VOLGOGRAD"
"Berkeley, CA"
"Sunnyvale, CA, USA"
Trondheim 🇳🇴
Changsha，China
HD
"Pittsburgh, PA, USA"
Wolverhampton
"Newark, New Jersey"
"Mannheim, Germany"
"Guangdong, China"
"Nijmegen, The Netherlands"
Benin
"Iran, Kashan"
"Austin, Texas"
"Basel / Zürich, Switzerland"
Tangail
"State College, USA"
Toulouse 
Canada
bengaluru
"Scotland, United Kingdom"
Nairobi
San Diego
"Ankara, Turkey"
"Richland, WA"
Kazakhstan
"Pohang, Korea"
Fudan University
Singapore 
C-137
US
Kaunas
"Cúcuta, Colombia"
"Denver, CO"
"Eindhoven, Netherlands"
"Barcelona, Spain"
"New York, NY, US"
Santiago de Chile
ShangHai
"Split, Croatia"
"Herzeliya, Israel"
"Bavarian Oberland, Germany"
Kuala Lumpur
"Doha, Qatar"
"thessaloniki, greece"
"San Francisco Bay Area, California"
"Thuwal, Saudi Arabia"
Los Angeles
"China, SuZhou"
Brooklyn
"Brisbane, Australia"
"OK, USA"
"Leiden, Netherlands"
"Lowell, MA"
"Nea Efessos,Pieria,Greece"
Bharat | India
Slovakia
"Dhaka, Bangladesh"
da nang
Tokyo
Parbold
Ukraine
Taiwan Taipei
China Harbin
"Oulu, Finland"
"Mumbai, India "
Berkeley | Cambridge | Toronto
"Geneva, Switzerland"
"Wuhan, Hubei; HK; Boston "
Shaanxi Province
"Paris, FR"
Tatooine
"Munich, Germany"
"Kraków, Poland"
"HangZhou, ZheJiang, China"
Harbin China.
Linköping
Chicago IL
London 
Vancouver/Seattle/Bay
"Boston, MA"
"Beirut, LB"
"Hangzhou, Zhejiang, China"
Greater Philadelphia
"Utrecht, the Netherlands "
"A Coruña, Spain"
Washington State
Itapevi - São Paulo
"New Delhi, India"
Dominican Republic
ChinaShanghai
Paris (France)
United Kingdom
Greater New York Area
Calgary
brazil
"Xiamen,Fujian,China"
seoul
"Suzhou,Jiangsu Province, China"
Johannesburg
"Milano,Italy"
Canberra Australia
"Amherst, Massachusetts, United States"
"Belgrade, Serbia"
"South Jordan, UT"
"Rajsamand, Rajasthan, India"
"Russian Federation, Nizhny Novgorod"
"Kedah, Malaysia"
"Scotland, UK"
Cluj-Napoca
"France, Paris"
"La Paz, Bolivia"
Pittsburgh
Santa Barbara
WA
Mauritius
Ankara/Turkey
"Hyderabad,India"
"Yerevan, Yerevan, Armenia"
"Jodhpur, RJ, India."
Boulder
"Urbana, IL"
"Ann Arbor, Michigan"
"Kent Street, Bentley WA 6102"
"Champaign, IL"
Stockholm
San Jose
"Seattle, WA USA"
La Jolla
Shanghai China
Pune.IN
"Utrecht, Netherlands"
"Den Bosch, Netherlands"
Pittsburgh PA
"Beersheba, Israel"
"Astrakhan, Russia"
Hyderabad 
Nowhere
Beijing.China
"Switzerland, Lugano"
"Washington, DC, United States"
Salt Lake City
Thailand
"Istanbul,Turkey"
"Bay Area, US"
Bern
"Austin, Tx"
João Pessoa - PB
Abu Dhabi - UAE
"Oxford, MS"
"New Canaan, CT"
Firenze
"Cambridge, UK / Palo Alto, CA"
"Cologne, Germany"
"Xining, Qinghai"
"Beijing,China"
"grenoble, france"
"Daejeon, Republic of Korea"
California/New York
Karlsruhe (Germany)
"Newcastle-Upon-Tyne, England"
"Daejeon, Korea, Republic of"
Munich/Germany
Jerusalem
"Batumi, Georgia"
New York 
"Italy, Bologna "
Venice Beach
"Kolhapur,india"
Stuttgart
"Dublin, Ireland"
"No.96, JinZhai Road Baohe District, Hefei, Anhui, 230026, P.R.China."
Ribeirão Preto
Singapore / Xi'An
"University of California, Berkeley"
" Bengaluru, Karnataka "
"JiNan,China"
Polska
"IAU #90377 (Sedna), IAU #137924 (2000 BD19), IAU #85770 (1998 UP1), IAU #66063 (1998 RO1), and minor planet 1992 TY₁. from 2025 Feb 25."
Basel
"Den Bosch, NL"
Malaysian in China
UK
Tampa
England
"Delhi, India"
Shang hai
Tsinghua University
Montréal
"Stanford, California"
"Jyväskylä, Finland"
"Arlington, TX"
"Fairfax, VA, United States"
"Washington DC, USA"
"Seoul, Republic Of Korea"
Digital Nomad
Bellevue
"Pittsburgh, USA"
"Kathmandu, Nepal"
"Hanover, Germany"
"Ludiana, Punjab"
"Quebec, QC, Canada"
"Wuxi, China"
Dhaka
"san francisco, ca"
Boston area
"Shang Hai, China"
nigeria
Ann Arbor
Oslo
Pittsbburgh
Worcester
"Würzburg, Germany"
Mountain View
Berlin + New York
Auburn University
Finland
"New York, New York"
Bangalore | Hyderabad | Chennai | Doha
"Tunisia, Tunis"
East Lansing
Natal - RN - Brasil
Saint Petersburg
Lost in Texas
"Portland, OR"
"Seattle, USA"
北京朝阳
"Santa Barbara, CA, United States"
"Goleta, Santa Barbara, CA"
Leuven
"Washington, DC."
NY Greater Area
"Philadelphia, PA, USA"
"Woburn, MA"
Beijng
Bosotn
"Newark, DE"
Hangzhou，China
"Berkeley, California"
Jalandhar
Changchun Jilin China
Rio de Janeiro
"Utah, United States"
"Kelowna, BC"
Alwar Rajasthan
"Tampere, Finland"
"Oslo, Norway"
Indonesia
"Madison, WI"
tunis
"viña del mar, Chile."
Bangalore 
Orléans
"Bangalore, India"
"Winter Springs, FL"
"Redmond, WA"
"Valencia, Spain"
"Queens, NY"
Bengaluru
 Brazil and Portugal
zhejiang-hangzhou-china
Sinagpore
"Campinas, Sp"
"Yerevan, Armenia"
"München, Germany"
"Seattle, United States"
NY
"Corvallis, OR"
Zurich
Ohio
Abu Dhabi
Thessaloniki
Milano
Darmstadt/Germany
"Apex, NC"
"Iran, Guilan, Rasht"
"ChengDu,SiChuan,China"
"Cupertino, CA, USA"
France / Bordeaux
"Republic of Korea, Seoul"
Nepal
"Israel, Tel-Aviv"
"Aberdeen, United Kingdom"
Dresden
"Firenze, ITALY"
"Dhaka,Bangladesh "
Everywhere
北京
"Vienna, Austria"
"Raleigh,NC,USA"
"Montevideo, Uruguay"
Pereira - Colombia
"Monterrey, Mexico"
"Sendai, Japan"
Palestine
"Melbourne, Australia"
"Saarbrücken, Germany"
"Hanoi, Vietnam"
"Milano, Italy"
Zaragoza
Jamkhandi
"London, United Kingdom"
Pohang
Spain (Barcelona)
Utah
"Bengaluru, India"
Zona Cristo
Bombay
Houston
"Ukraine, Odessa"
"Groningen, The Netherlands"
"Tianjin, China"
"Nagpur, Maharashtra"
"Sydney, Australia"
Gandhinagar
"Curitiba, Brazil"
"somewhere north of Watford, England"
Austin
Istanbul/Turkey
Dublin
Auckland
India
Eindhoven - The Netherlands
Beijing of China
Warszawa
Saarbruecken
"Tacoma, WA, USA"
shithole
"Taipei, Taiwan"
Soochow University
"Madison, Wiconsin"
Lausanne / Fribourg
Brussels
K2-18b
"Irvine, California"
Shen Zhen
Belgrade
"Bangalore,India"
"Columbia, South Carolina"
"Ankara, Turkiye"
"Taoyuan, Taiwan"
GuanZhou
"Richland, WA, United States"
Porto
"New York, NY"
Metaverse?
"Santiago, Chile"
Embakasi
Hong Kong SAR
"Bangalore , India"
cape town
New Delhi
"Lahore, Pakistan"
"Varanasi, India"
Santa Clara
Potsdam
 Egypt 
Araxá-MG Brasil
"Groningen, Netherlands"
"Belo Horizonte, MG, Brazil"
South Korea
Portugal
Stockholm || Daejeon || Asmara
Quebec/France
"BeiJing,China"
" Seattle, WA"
"Samsung R&D Institute, Bangalore"
Sunnyvale
Latent Space
London
Oldenburg
ShenZhen
"Hang Zhou, Zhejiang Province, VR China"
"Ann Arbor, MI, USA"
"Boston, Massachusetts"
"Eschen, Liechtenstein"
Cardiff
"Pune, Maharashtra."
"Salt Lake City, UT"
"Porto Alegre, Brazil"
"Tempe, AZ"
New Haven
"Roma, Italia"
Bhuj — Ahmedabad
"Seoul, Republic of Korea"
Milky Way
Thane
"Espoo, Finland"
Münster
Berkeley CA
"Vancouver, BC"
EST/GMT-5
Global
"Abu Dhabi, Masdar City"
China Mainland
Netherlands
"San Diego, CA"
"Edinburgh, UK"
"Zagreb, Croatia"
New Jersey
IIT Delhi
Charlotte
"Beijing,China,BUAACS"
shanghai
Zagreb
"Newark, DE, USA"
"Fremont, CA"
Argentina
"Palo Alto, California"
Jorhat
"Chicago, USA"
Palo Alto
İstanbul
"Cupertino, CA"
"Leuven, Belgium"
"New York City, NY"
"Copenhagen, Denmark"
Pangyo-dong
"New Haven, CT (USA)"
Great Toronto Area
Bangladesh 
Malmö
"Marburg, Germany"
"Philadelphia, USA"
"Columbus, Ohio."
"Backnang, Germany"
Amsterdam
Copenhagen - Denmark
"Bern, Switzerland"
"Kitchener, Ontario"
Suwon city
Sweden
Bharat
"Cambridge, United Kingdom"
"Greater Noida,Uttar Pradesh,India"
Armenia
Xiamen
San José
CSU
"Copenhagen, DK"
United Arab Emirates
email me @ evecoronel.com
"Milan, Italy"
"Lviv, Ukraine"
HongKong
Fukushima
Greece
"Bratislava, Slovakia"
Los Angeles and Culver City
"Wrocław, Poland"
"Seattle, Washington"
Marseille
China Hangzhou
"Yamato, Kanagawa, Japan"
"Johnson City, Tennessee, USA"
Leipzig
"Cupertino, Ca"
"Montreal, QC, Canada"
"San Juan, Puerto Rico"
"Toronto, Ontaria CA"
"CT, USA"
"Jamshedpur , Jharkhand"
São Paulo
Pisa
"Chicago, US"
"St. John's, NL"
Atlanta 
"Nice, France"
"San Francisco, USA"
Sabadell
"Urbana,IL"
Taiwan USA
"Agrabad,Chattogram"
"Porto Alegre, Rio Grande do Sul, Brasil"
Singapore
"Naju, South Korea"
china suzhou
"MTV, CA"
Toronto
Canada 
6th of October city
"Flagstaff, AZ"
Denver
Mohali
Saint-Petersburg
Россия
"Brescia, Italy"
"Bengalore, IN"
"Ottawa,Canada"
Karachi
"Boston, MA, USA"
"Bonn, Germany"
🗼Tokyo
Aarhus
Miami
"Lehi, UT, USA"
Budapest
"New Haven, USA"
"Banglore, India"
"Atlanta, GA, USA"
"College Park, MD"
"punjab, pakistan"
Zürich Switzerland
Stanford
四川-成都
Guildford
"Chatsworth,CA"
Manila
"Athens, GR"
Quebec
Berkeley
"Beijing, China"
The Great American Desert
SHANG HAI
Brazil
"Boulder, CO"
"punalur,kerala"
Málaga
"Indore, India"
"Florida, USA"
"Gauteng, South Africa"
"Mountain View, CA"
Seoul
"Neu-Ulm, Germany"
Outer Space
BCN
New York City
Greater Boston
HITSZ
"Castle Hill, Sydney"
Paris - France
Liulangzhe
Lille/Cologne
shenyang
"Atlanta, Georgia"
Lost in the French Alps
"Sainte-Adèle, Québec"
"bangalore,india"
"halifax, Canada"
"Uppsala, Sweden"
"Toulouse, France"
Ireland
"Albuquerque, NM"
São Paulo - SP
"Budapest, Hungary"
"Renningen, Germany"
"Taipei,Taiwan"
"Guatire, Venezuela"
SF
The Matrix
india
Boston
Visakhapatnam
"Atlanta, GA"
Bruxelles
"Clinton, NJ"
CHINA
Clermont-Ferrand
Chennai
Tübingen
"Bloomington, USA"
Moon
Cologne
"Tehran, Iran"
"Manchester, UK"
"Pleasanton, CA"
"IIT Kanpur, Uttar Pradesh, India"
"Baltimore, Maryland, USA"
Mars
"Hartford, CT"
"Bangkok, Thailand"
"Islamabad, Pakistan"
Deisenhausen
Hong Kong
"Washington, US"
"Sandefjord, Norway"
Kampala
"Redwood City, CA"
"China,Beijing"
"Paris, France."
San Francisco
Hanoi
"Markham, Ontario, Canada"
Dakar - Senegal
"Sanfrancisco, USA"
"Columbus, OH"
"Nagoya,Japan"
苏州
"Allston, MA"
Paris
The Great PRC
California
chennai
"Chicago, IL, USA"
Florianópolis - SC
"Evanston, Illinois"
"Cape Town, South Africa"
"Broomfield, Colorado"
NA
"Los Altos, CA"
"Kigali, Rwanda"
Paris-France
"Alberta, Canada"
"Marina del Rey, CA"
Colombo
"Somerville, MA"
Yorktown Heights
"Tel-Aviv, Israel"
Минск
"Cambridge, MA, USA"
Zurich Switzerland
"Cambridge, MA, 02139"
tokyo shibuya
India 
Paraguay
Iran
"Stuttgart, Germany"
Walldorf
"Chennai, India"
Dubai
"Westford, MA"
"Hamilton, New Zealand"
"India, Tamil Nadu"
"Cambridge, MA"
"Gdańsk, Poland"
"Charlotte, NC"
BeiJing
"Online;  Prague, Czechia"
"Ahmedabad, Gujarat, India"
"China, Guangdong, Shenzhen"
"Campinas, Brazil"
"Tijuana, Baja California, Mexico"
"Bengaluru, India "
"Spokane, Washington"
"Kerala,India"
127.0.0.1
Simulation
Hortolândia
"Chapel Hill, NC, USA"
Seattle
"Zurich, Switzerland"
"La Jolla, California"
Cambridge. MA
Rourkela Orissa
" Beijing, China"
ZhengZhou University
"Nanjing, China"
"Dayton, OH"
"Burlington, VT"
CASABLANCA
HANG ZHOU
Karlsruhe
Hong Kong 
Sydney
Toulouse
Tel Aviv University
Hefei
São José dos Campos - SP - Brazil
Baltimore
Zagazig - Egypt   || Obour - Egypt 
"San Francisco Bay Area, CA, USA"
Riyadh
"Oakland, CA"
Portland
Kathmandu Nepal
"Egypt, Cairo"
"Istanbul , Turkey"
"Kolkata,WestBengal"
"Bourron-Marlotte, France"
Pasadena
"Pisa, Italy"
"Tirol, Austria"
Knowhere
"Lugano, Switzerland"
"Leeds, UK"
jordan
Europe
Doudleby nad Orlici
"Notre Dame, IN"
"Arlington, MA"
广州
"Nanjing, Jiangsu Province, China"
"Riverton, Utah"
France
943 voie Antiope 13600 - La Ciotat
"Italy, Friuli"
Zuerich
Mannheim
hangzhou
"New Haven, CT"
"Russia, Omsk"
"Faisalabad, Pakistan"
"Kochi, india"
"Suzhou, China"
"San Francisco, CA"
Planet earth
"Waterloo, Ontario, Canada"
Bielefeld Germany
a little ways north in the Evergreen Forest
Minas Gerais - Brazil
"Sydney, AUS"
"Bangalore, Karnataka, India"
Cleveland
Catania
Denmark
Grenoble
Zurich/Switzerland
Utrecht
Wuhan
"Electronic City, Bangalore"
"Yangon, Myanmar"
Vancouver - BC - Canada
Bergen
"Columbus,Ohio"
"Turkey, Mersin"
Hyderabad
"Chicago, Illinois"
Lausanne
New York and Seattle
San Francisco 
"Quebec, Quebec"
"Cairo, EGY"
Manchester
Rennes
"Rio de Janeiro, Brasil"
"Raleigh, North Carolina"
Istanbul 
Vancouver BC
Spain
"Ausgburg, Germany"
"White Plains, NY"
"Pittsburgh, Pennsylvania"
"Ithaca, NY, USA"
"Europe (currently Wroclaw, Poland)"
Kolkata
"Dubai, UAE"
"Wuhan, China"
"Aachen, Germany"
"San Diego, CA, USA"
"Nancy, France"
Egypt
Köln
"Minas Gerais, Brasil"
"Orlando, FL"
"Nijmegen, Netherlands"
"Saint Louis, MO"
Hangzhou
"Qianjiang, Hubei, China"
"Graz, Austria"
Montreal (Canada)
"Bengaluru,  India"
"Tübingen, Germany"
Calgary AB
Planet Earth
Poland
Madrid
NanJing JiangSu
"Amsterdam, Netherlands"
"Toronto, Canada"
Atlanta
"Kolkata,West Bengal"
mumbai
Donostia - San Sebastián
"Stanford, CA"
Ankara
"Prague, Czech Republic"
"Heidelberg, Germany"
Vigo
moon
Greater Tokyo Area
"Minneapolis, Minnesota"
Where AI meets Humanity
"Delft, Netherlands"
S.KOREA
"in the stars, right now"
"Hoboken, New Jersey"
NYC
Sri Lanka
Agadir 
"Notre Dame, Indiana, US"
Liverpool
Dammam
Australia
"BC, Canada"
"Ottawa, ON, Canada"
"Cambridge, UK"
渤海大道 21 号
"Montréal, Canada"
GuangZhou
Omnipresent
82/14/16 Nguyễn xí phường 26 bình thạnh hồ chí minh
Shanghai(CN) & Sydney(AU)
Tallinn
"Kottayam, Kerala"
pune
"Amherst, MA"
"San Jose, California"
"Auckland, New Zealand"
Oxford
"Sheffield, UK"
"Brazil, São Paulo"
Vancouver
"Cambridge, Boston"
HangZhou
"Guangzhou,China"
Charlottesville
"Bala Cynwyd, PA"
European Union
Brno
"Montreal, QC"
Shenzhen
"Tübingen , Germany"
"Bengaluru, Karnataka"
"Urbana-Champaign, IL"
"Ulsan, Korea"
"Paris,France"
"Curitiba, Paraná, Brazil"
"Lausanne, CH"
Beijing China
"Abu Dhabi, UAE"
"Padua, Italy"
San Sebastian
Pesaro
"Formerly - INFN - Sezione di Torino. Via Pietro Giuria 1, Turin (Italy)"
"Beijing, P.R. China"
"Algiers, Algeria."
ShenYang
Lyon
"Waterloo, ON"
Zürich
"Trier, Germany"
"Yokohama City, Kanagawa"
"Russia, Saint-Petersburg"
Ingelheim
"Lagos, Nigeria"
"Arkansas, USA"
Singapore/US/Africa
Ethiopia
Bologna
"Daejeon or Suwon, Korea Rep."
Gurugram
"Penang,Malaysia"
"Western MA, USA"
"London / Cambridge, UK"
沈阳
"Tampa, FL"
Moratuwa
"Tartu, Estonia"
"Sunshine Coast, Australia"
"St Louis, MO"
"Binghamton, NY"
Germany / Braunschweig
China - Beijing
Japan
Chapel Hill
"Shanghai, China"
Cloud
"Shanghai,China"
Toronto CA
Tianjin
Istanbul
"Kuala Lumpur, Malaysia"
"Mars, Solar"
"Saskatoon, Saskatchewan"
Bogotá / Colombia
"Nizhny Novgorod, Russia"
Kenya
Münich
Prague
"Santa Clara, CA"
Cottbus Germany
"Pune, India"
"Roma, Italy"
"Tainan, Taiwan"
Mexico City
Ghaziabad 
"La Jolla, CA"
Sanfancisco
"Hangzhou,China"
Gananvaram
"Lagos, Nigeria."
"Oakland, California"
St. Petersburg
"Washington, D.C."
Brisbane
Boston Area
☁️
Bethesda
"ShenZhen, China"
"Rockford, IL"
"Fullerton, USA"
"Sofia, Bulgaria"
"Porto Alegre, Brasil"
"Aarhus, Denmark"
Random Forest 
Roma
"HKSAR, China"
"Zurich, Switzerland."
"Kyoto, Japan"
University of Edinburgh
"Stavanger, Norway"
Chennai 
"Haidian, Beijing"
"Bangalore, Karnataka"
Harbin
"Baltimore, MD"
"Varese, Italy"
BJ
CO
"Brattleboro, VT"
"Provo, Utah"
"L'viv, Ukraine"
Brasilia
"Allahabad, Uttar Pradesh, India"
"Komoka, Ontario"
Callifornia
United States
"Basel, Switzerland"
"Pittsburgh, PA"
Levallois-Perret
"Campinas - SP , Brazil"
Porto Alegre/RS
Noida
Nagoya
Tel Aviv - Israel
"Lakewood, CO"
"Lille, France"
"Beijing, Mainland China"
"California, United States"
"Washington, DC"
Centurion
Pennsylvania USA
"Frankfurt, Germany"
Suzhou
"Alicante, Spain"
"Lyon, France"
"Ithaca,NY"
Pangyo
"Shenzhen, China"
Arizona
"Seoul,Korea"
Kansas City
"Berlin, Germany"
"Hillsboro, OR, USA"
MUZAFFARPUR
"shenzhen, china"
"London, U.K"
"1601 McCarthy Blvd, Milpitas, CA 95035, US"
Mountain View CA
University of Glasgow
Massachusetts
"Fairfax, VA"
"Cali, Colombia"
"Oxford, United Kingdom"
"Malmo, Sweden"
Pakistan
China.Liuzhou
Haldia
"Cincinnati, Ohio"
Melbourne
"Haidian District, Beijing"
Chambéry
"Marlboro, NJ, USA"
"Columbus, Ohio"
"Hannover, Germany"
Daejeon
"Lausanne, Switzerland"
Annecy
"Urbana, Illinois, USA"
"Heidelberg, Germany "
"Prague, Czechia"
"Cork, Ireland"
SHANGHAI
Cayman Islands / USA
Santos ⟷ São Paulo
"Munich, Bavaria, Germany"
"columbia, mo"
Mumbai
"Hyderabad, India"
"Mountain View, Ca"
China Shenzhen 
"Nanjing, Jiangsu, China "
Edmonton
Skopje
Colorado
"Edinburgh, Scotland"
Zhejiang Ningbo
Pennsylvania
Suwon
"Darmstadt, Germany"
Kathmandu
"Iași, România"
New England
"Austin,TX"
Champaign
"6, Buljeong-ro, Bundang-gu, Seongnam-si, Gyeonggi-do, Republic of Korea"
Greater Seattle Area
"Dallas, TX"
Amman - Jordan
"Cairo, Egypt"
Texas
"Indianapolis, United States "
"Raleigh, NC"
Anywhere on Earth
Uppsala
"Davis, CA"
Buenos Aires
Tunisie
"Skopje, R. Macedonia"
"Valencia, ES"
Warsaw
Miami/NYC
"MNL, Philippines"
"Danville, CA"
"KAIST, Korea"
"Gurgaon, India."
New Zealand
"Paris area, France"
SF & NY
"Los Angeles, CA"
"College Park, Maryland"
경기도 성남시 분당구 판교로 264 (삼평동)
Turkey
"Hounslow, United Kingdom"
"Goiania, Brazil"
Stony Brook
Phoenix
"Thessaloniki, Greece"
Norway
"New York, US"
"HangZhou, China"
Tunis
"Amsterdam, NL"
"Dajeon, Republic of Korea"
"Santa Cruz, CA"
"Athens, Attica, Greece"
"No. 37, Xueyuan Road, Haidian District, Beijing"
Vienna
"Eindhoven, The Netherlands"
Korea
"Punjab, India"
"Urbana, Illinois"
"Bengaluru,Karnataka,India"
Vizag
"SuZhou,China"
"Luoyu Road 1037, Hongshan, Wuhan, Hubei, China"
Tehran
"seoul, korea"
Dalian
Vietnam
Krakow
"Nijmegen area, NL"
"Helsinki, Finland"
Desert 
The Netherlands
"Lucknow, India"
"Seoul, Korea"
Guatemala City
"Paphos, Cyprus"
Hedehusene (Denmark)
Esch-sur-Alzette
"Houston, Texas"
"San Mateo, CA"
Ottawa
HangZhou in China
USA (Berkeley)
"Santa Cruz, California"
Tübingen 
singapore
Durham
Bali 🏖️
Swatow
"Russia, Nizhny Novgorod"
"shanghai,china"
AOE
Tunisia
"Greater Detroit, MI."
"Kolkata, West Bengal, INDIA"
"Noida, India"
"Leipzig, Germany"
"Nanjing, CN"
"Austin, TX, US"
"Lokoja, Nigeria"
"San Francisco Bay Area, CA"
Iberian Peninsula
"Verona, Italy"
Donostia - San Sebastián 
"Aarhus, DK"
Vitória - Brazil
"Moscow, Chisinau"
"Cambridge, Massachusetts"
"Blacksburg, Virginia"
"Calgary, Canada"
Jakarta
"Rochester, MN"
"Austin, TX, USA"
"Kelowna, BC, Canada"
Innopolis
ZheJiang Province
"Poznań, Poland"
"Merced, CA"
"Da Nang, Viet Nam"
 Hong Kong 
dalian
Mexico
INDIA
"Tyler, TX"
"Chapel Hill, NC, US"
"Rabat,Morocco"
"Omaha, USA"
"San Francisco, California"
Belfast Northern Ireland
"Tabriz, Iran"
Tanzania
"Sunnyvale, CA"
NIGERIA
"IA, US"
The Chinese University of Hong Kong
Mysore
Yerevan
West Virginia
"istanbul, turkey"
Groningen
somewhere in the world
"Dubai, UAE."
Not San Francisco
"Vancouver, Canada"
New Haven / Shanghai
"Brooklyn, NY"
SORRY
"Stockholm, Sweden"
"Nepal, Kathmandu"
Malaysia
"Peking, P.R.China"
The Moon
"Kharagpur, India"
Somewhere
Nanjing
"Hong Kong, China"
Belgium
"Lisbon, Portugal"
china
"Tempe,Arizona"
BiH
GuangDong
:lua print(vim.fn.expand('~'))
"Germany, Südlohn"
"Guangzhou, China"
Banglore
IL
chendu
Redmond
"Los Angeles, California, United States"
Seoul/Korea
"Goa, India"
"Hoboken, NJ"
Freiburg im Breisgau
"Lafayette, La"
"Mystic, CT"
"Charlottesville, Virginia"
CQ
shenzhen
Great Seattle Area
"Vancouver, BC, Canada"
Erlangen
Bangalore / SF
"Ohio, USA"
Halifax
"Brussels, Belgium"
"Chania, Crete Greece"
Tehran - Iran
"Gainesville, Fl"
Austria
"Cardiff, U.K."
"Dubai, UAE "
"Buenos Aires, Argentina"
"Trento, Italy"
Virginia
SF Bay Area
"The Hague, The Netherlands"
wuhan
Copenhagen · Seattle
上海
"Boerne, TX"
"Driebergen-Rijsenburg, The Netherlands"
天津河东卫国道翰林园
"ShenZhen,China"
Xi'an
"Bordeaux, France"
"Madrid, Spain"
Remote
"Los Angeles, USA"
Bei.Jing
"Burlingame, USA"
"Nashville, TN"
Czech Republic
"Italy, Rome"
Kerala
Wrocław
"OTTAWA, ONTARIO, CANADA"
China
Hull
"Bandung, Indonesia"
"Toronto, Ontario"
"Ho Chi Minh City, Vietnam"
México
https://vocabulary-journal.com
"College Station, Texas"
China -> Singapore -> Tokyo -> London
"São Paulo, Brazil"
"Cleveland, OH"
EU
"Houston, TX"
"Grenoble, France"
"Toronto, ON, Canada"
Rome
"Athens, Greece"
University of Michigan
"Herndon, VA"
"Bay Area, California"
@Chiangmai Thailand
"Yokohama, JAPAN"
Nashville
"Seattle, WA"
"Tucson, AZ"
Maastricht
"Edmonton, Canada"
Not UK
Shanghai
"Los Angeles, California"
Bangalore
Nicaragua
"Taiwan, Taipei"
Rechardson
"Fukuoka, Japan"
"HK, China"
Jadavpur University
"Maryland, USA"
Illinois
"Bethesda, MD"
"New York, U.S."
TianJIn
"London, UK"
Las Palmas de Gran Canaria
Arkansas
Switzerland
"Chapel Hill, NC"
"Mountain View, CA, USA"
SH
"Changsha, China"
 Boston.
"Phoenix, AZ"
"Shatin, N.T., HKSAR"
Bangkok
"Baridhara DOHS, Dhaka, Bangladesh"
From Barcelona to the world ;)
Solar system
Brittany
"Heifei, Anhui, China"
Taiwan
"Lombok, Indonesia"
"London, England. Penang, Malaysia."
"China, Shanghai"
"Oxford, UK"
"Austin, TX"
Washington DC
fez in morocco
hefei
"Daejeon, Korea"
"Montréal, Québec"
失业要饭QQ邮箱：867907127@qq.com
"Princeton, NJ"
Pittsburgh PA / DC
"Porto-Novo, Benin"
Globe
"Chattanooga, TN"
"Montreal, CA"
"Germany, Berlin"
Goiânia
Rabat
india ; kuwait ; dubai
"Redwood City, California, United States"
"Daegu, South Korea"
"Mumbai, Maharashtra, India"
"Palo Alto, CA"
Montreal
"Abu Dhabi, United Arab Emirates"
"Basque Country, Spain"
"Santa Clara, CA, USA"
Mahattan
"Gothenburg, Sweden"
"Menlo Park, CA"
Copenhagen
"Seoul, Pangyo / Chung Ang Univ."
Butwal
Abu Dhabi | New York
"Gresham, Oregon, United States"
"Skopje, Macedonia"
"Pune,Maharashtra,India"
Fredericton
Xi'An China
Aurangabad
"Grand Rapids, MI"
Brescia
"Soochow,China"
"Tamil Nadu, India"
"New York, USA"
Enna
ThinkingGame
florida
"Shenzhen,China"
"Ioannina, Greece"
Nuremberg
"Jakarta, Indonesia"
Would love to work at new location 
"Brno, Czech Republic"
"Guangzhou, Guangdong, China"
Italy
"Tel Aviv, Israel"
深圳
Islambad
Tamilnadu
"Bucaramanga, Colombia"
united states
"Sunnyvale, California"
Astana
"Karlsruhe, Germany"
"Atlanta, Georgia, USA"
"Auburn, AL USA"
"stockholm, sweden"
United States of America 
CA
"IIT (BHU), Varanasi"
"Baltimore, Maryland USA"
SoCal
Mt. Peterson
"Dortmund, Germany"
Kochi
"Ulsan, Republic of Korea (South Korea)"
"Amsterdam, the Netherlands"
"Cádiz, Andalucía, Spain"
"Evreux,Haute Normandie,France"
HCM City
Lleida
Frankfurt
$HOME
成都
"Hamburg, Germany"
"Den Haag, Netherlands"
Darmstadt
"Vienna, AT and Sheffield, UK"
"Oak Ridge, TN"
"Pietrasanta, Italy"
"Irvine, CA"
"Iowa City, IA"
"Durham, NC"
Graz
Chicago
IRAN
"Toronto, Ontario, Canada"
"Glasgow, UK"
Chengdu
Luxembourg
"Sheffield, United Kingdom"
Croatia
Beijing 
Moscow / Remote
North Carolina
Kyiv
Near The Nature.
Nakhon Nayok
Mercury
"Coruña, Spain"
Taipei
Dhahran
"New York , USA"
localhost
shaghai
Los Angeles/CA
Ho Chi Minh City
"Buffalo, New York"
"Izmir, Turkey"
"No. 2 South Taibai Road, Xi’an, Shaanxi"
"Russia, Moscow"
"Providence, RI"
"Chikkamagaluru, Karnataka, India"
China.ShenZhen
"Stillwater, Oklahoma, United States"
"Tilburg, The Netherlands"
哈尔滨
New York
Milan
Regensburg
"Iran , Tehran"
Somewhere on earth
shenzhen.china
"Jamova cesta 39, 1000 Ljubljana"
Düsseldorf
"Cambridge, Ma"
BJ.CH
"Bellevue, Washington"
"Varaždin, Croatia"
Colombia
"Seattle, WA, USA"
beijing
"Saarbrucken, Germany"
maldives
Donostia/San Sebastián
Stara Zagora Bulgaria
simulation
"Moscow, Russia"
Somewhere I Belong
